<?xml version="1.0" encoding="UTF-8" ?>
<extension version="2.5" type="plugin" group="vmpayment" method="upgrade">
    <name>Payler</name>
    <creationDate>Jule 19 2015</creationDate>
    <author>Payler</author>
    <authorUrl>http://payler.com</authorUrl>
    <copyright>Copyright (C) 2015 Payler. All rights reserved.</copyright>
    <license>http://www.gnu.org/licenses/gpl-2.0.html GNU/GPL</license>
    <version>1.0.3</version>
    <description>Payler payment plugin</description>
    <files>
        <filename plugin="payler">payler.php</filename>
        <filename>payler_notify.php</filename>
        <filename>payler_logo.jpg</filename>
        <filename>index.html</filename>
        <folder>language</folder>
    </files>
    <languages>
        <language tag="ru-RU">language/ru-RU/ru-RU.plg_vmpayment_payler.ini</language>
        <language tag="en-GB">language/en-GB/en-GB.plg_vmpayment_payler.sys.ini</language>
    </languages>
    <params addpath="/administrator/components/com_virtuemart/elements"/>
    <params>
        <param name="merchant_id" type="text" label="VMPAYMENT_PAYLER_MERCHANT" description="VMPAYMENT_PAYLER_MERCHANT_DESC"/>
        <param name="merchant_password" type="text" label="VMPAYMENT_PAYLER_PASSWORD" description="VMPAYMENT_PAYLER_PASSWORD_DESC"/>
        <param class="sandbox" name="sandbox" type="radio" default="1" label="VMPAYMENT_PAYLER_DEBUG" description="VMPAYMENT_PAYLER_DEBUG_DESC">
            <option value="1">VMPAYMENT_PAYLER_DEBUG_1</option>
            <option value="0">VMPAYMENT_PAYLER_DEBUG_0</option>
        </param>
        <param name="status_pending" type="vmorderstate" scope="com_virtuemart" default="U" label="VMPAYMENT_PAYLER_STATUS_PENDING" description="VMPAYMENT_PAYLER_STATUS_PENDING_DESC"/>
        <param name="status_success" type="vmorderstate" scope="com_virtuemart" default="C" label="VMPAYMENT_PAYLER_STATUS_SUCCESS" description="VMPAYMENT_PAYLER_STATUS_SUCCESS_DESC"/>
        <param name="status_canceled" type="vmorderstate" scope="com_virtuemart" default="X" label="VMPAYMENT_PAYLER_STATUS_CANCELED" description="VMPAYMENT_PAYLER_STATUS_CANCELED_DESC"/>
    </params>
</extension>
